week_start,week,channel,spend_usd,impressions,clicks,conversions,revenue_usd
2026-07-01,1,google_search,8746,341595,5433,139,8618
2026-07-01,1,meta,7040,285548,3525,78,4836
2026-07-01,1,tiktok,2778,113996,1415,19,1178
2026-07-01,1,email,494,21629,275,23,1426
2026-07-08,2,google_search,9184,409896,6338,174,10788
2026-07-08,2,meta,7533,288725,4951,104,6448
2026-07-08,2,tiktok,2829,109844,1521,24,1488
2026-07-08,2,email,474,19961,316,28,1736
2026-07-15,3,google_search,9069,348598,4307,114,7068
2026-07-15,3,meta,7202,295234,4099,92,5704
2026-07-15,3,tiktok,2978,119394,2001,31,1922
2026-07-15,3,email,480,20150,305,30,1860
2026-07-22,4,google_search,9330,373361,6676,173,10726
2026-07-22,4,meta,6908,299129,3862,85,5270
2026-07-22,4,tiktok,2779,118593,1967,30,1860
2026-07-22,4,email,530,21305,344,32,1984
2026-08-01,5,google_search,9115,375480,6398,195,12090
2026-08-01,5,meta,6971,297306,3675,84,5208
2026-08-01,5,tiktok,3071,138029,2337,34,2108
2026-08-01,5,email,491,20950,254,23,1426
2026-08-08,6,google_search,8522,330820,4086,42,2604
2026-08-08,6,meta,6585,261638,3753,89,5518
2026-08-08,6,tiktok,2799,115149,1761,28,1736
2026-08-08,6,email,526,23149,316,28,1736
2026-08-15,7,google_search,8797,388717,6898,180,11160
2026-08-15,7,meta,6637,262996,3524,77,4774
2026-08-15,7,tiktok,4868,193955,2332,24,1488
2026-08-15,7,email,490,20543,363,34,2108
2026-08-22,8,google_search,9022,381852,6131,156,9672
2026-08-22,8,meta,7447,323665,5582,130,8060
2026-08-22,8,tiktok,4717,192434,2428,26,1612
2026-08-22,8,email,465,17888,237,20,1240
2026-09-01,9,google_search,8770,336475,4038,105,6510
2026-09-01,9,meta,8847,358720,4359,88,5456
2026-09-01,9,tiktok,4888,190811,2578,26,1612
2026-09-01,9,email,489,19007,324,32,1984
2026-09-08,10,google_search,8951,370454,4636,119,7378
2026-09-08,10,meta,9212,367131,6231,109,6758
2026-09-08,10,tiktok,4434,197996,3003,29,1798
2026-09-08,10,email,503,19226,291,29,1798
2026-09-15,11,google_search,9523,408291,5539,151,9362
2026-09-15,11,meta,8947,388312,5900,116,7192
2026-09-15,11,tiktok,4669,184718,3116,36,2232
2026-09-15,11,email,528,23052,389,37,2294
2026-09-22,12,google_search,8607,358232,5063,128,7936
2026-09-22,12,meta,8736,349064,4731,92,5704
2026-09-22,12,tiktok,5151,211847,3733,43,2666
2026-09-22,12,email,536,21752,289,25,1550
